{
  "hash": "c2623cb8",
  "configHash": "4f1e0261",
  "lockfileHash": "a383ea9d",
  "browserHash": "f9ee9f1f",
  "optimized": {
    "@angular/common": {
      "src": "../../../../../../node_modules/@angular/common/fesm2022/common.mjs",
      "file": "@angular_common.js",
      "fileHash": "a221c7f9",
      "needsInterop": false
    },
    "@angular/common/http": {
      "src": "../../../../../../node_modules/@angular/common/fesm2022/http.mjs",
      "file": "@angular_common_http.js",
      "fileHash": "4c3c4cf1",
      "needsInterop": false
    },
    "@angular/core": {
      "src": "../../../../../../node_modules/@angular/core/fesm2022/core.mjs",
      "file": "@angular_core.js",
      "fileHash": "5ce51e13",
      "needsInterop": false
    },
    "@angular/forms": {
      "src": "../../../../../../node_modules/@angular/forms/fesm2022/forms.mjs",
      "file": "@angular_forms.js",
      "fileHash": "85a46927",
      "needsInterop": false
    },
    "@angular/platform-browser": {
      "src": "../../../../../../node_modules/@angular/platform-browser/fesm2022/platform-browser.mjs",
      "file": "@angular_platform-browser.js",
      "fileHash": "028d5ef4",
      "needsInterop": false
    },
    "@angular/platform-server": {
      "src": "../../../../../../node_modules/@angular/platform-server/fesm2022/platform-server.mjs",
      "file": "@angular_platform-server.js",
      "fileHash": "e6fe3475",
      "needsInterop": false
    },
    "@angular/router": {
      "src": "../../../../../../node_modules/@angular/router/fesm2022/router.mjs",
      "file": "@angular_router.js",
      "fileHash": "ee3e1332",
      "needsInterop": false
    },
    "@angular/ssr": {
      "src": "../../../../../../node_modules/@angular/ssr/fesm2022/ssr.mjs",
      "file": "@angular_ssr.js",
      "fileHash": "63c8554f",
      "needsInterop": false
    },
    "@angular/ssr/node": {
      "src": "../../../../../../node_modules/@angular/ssr/fesm2022/node.mjs",
      "file": "@angular_ssr_node.js",
      "fileHash": "d888ca64",
      "needsInterop": false
    },
    "express": {
      "src": "../../../../../../node_modules/express/index.js",
      "file": "express.js",
      "fileHash": "a56bdc89",
      "needsInterop": true
    },
    "rxjs": {
      "src": "../../../../../../node_modules/rxjs/dist/cjs/index.js",
      "file": "rxjs.js",
      "fileHash": "4353b2fd",
      "needsInterop": true
    }
  },
  "chunks": {
    "xhr2-TXIMV6CV": {
      "file": "xhr2-TXIMV6CV.js"
    },
    "chunk-LGQNKUGP": {
      "file": "chunk-LGQNKUGP.js"
    },
    "chunk-CUEIVYE6": {
      "file": "chunk-CUEIVYE6.js"
    },
    "chunk-SBWLSCLQ": {
      "file": "chunk-SBWLSCLQ.js"
    },
    "chunk-P3HGAUSM": {
      "file": "chunk-P3HGAUSM.js"
    },
    "chunk-EA4LEH3O": {
      "file": "chunk-EA4LEH3O.js"
    },
    "chunk-SNS7UOYO": {
      "file": "chunk-SNS7UOYO.js"
    },
    "chunk-GV22NJRN": {
      "file": "chunk-GV22NJRN.js"
    },
    "chunk-SWIVHK54": {
      "file": "chunk-SWIVHK54.js"
    },
    "chunk-AQYIT73X": {
      "file": "chunk-AQYIT73X.js"
    },
    "chunk-YHCV7DAQ": {
      "file": "chunk-YHCV7DAQ.js"
    }
  }
}